MapleStory Progression Guide,v.271,MapleStory x Frieren: Beyond Journey's End
patch 2026-09-09,built 2026-09-11,GMS / Heroic (Reboot) unless a row says otherwise

## START HERE
# How to use this guide
"Every tab is generated from a content graph. Each section is a node with tags, a source, and a last-verified date."
"The Thursday job reads the newest GMS patch notes, matches changes to node tags, and rewrites only the affected nodes."
"A 'Verified' date older than the current patch means that section has not been re-checked since — treat it as probably-still-true, not confirmed."
Numbers assume Heroic (Reboot) worlds. Interactive-world differences are called out in the row itself.
Anything marked CHANGED in the Changelog tab moved in the most recent patch. Read that first if you have been away.
src,system | verified 2026-09-11 | v.271 | start.howto

# What v.271 changed that actually matters
System,Change,Why you care
Symbols,Arcane River daily 20 -> 40 symbols; weekly 40 -> 80 per area,"Arcane symbol income roughly doubled. Maxing symbols is now a ~3-4 week job, not 7+"
Symbols,"Grandis daily: Cernium 20 -> 30, other areas 10 -> 15, Grand Sacred 10 -> 15",Sacred symbol grind shortened the same way
Leveling,"EXP to level cut sharply for Lv. 210-259 (240-244 ~43% less, 245-249 ~47%, 250-259 ~58%)",The old 240s wall is largely gone. Pushing to 260 for 6th job is far faster
Star Force,Star Catching removed; its success bonus is now applied permanently,No more minigame. Also means any quest asking for 'star catching' just needs successes
Flames,"Bonus Stats can be reset with 3,000,000 mesos at Black Rebirth Flame rates",Reflaming is now dirt cheap. Fix bad flames immediately
Flames,Powerful / Eternal / Black Rebirth Flames NO LONGER drop from bosses or elites,Stop hoarding boss flames. Use the meso reset instead
Flames,"New Burning Rebirth Flame + Karma version: Legion Coin Shop, Monster Collection, Mu Lung Dojo shop",Dojo and Legion coins are now flame sources
HEXA,3rd HEXA Common Node added — Bowman line gets HEXA Fury of the Wild,New node to budget Sol Erda for at 260+
Monster Collection,"Exploration is Lv. 200+ only, rewards up to 10x per day per account",Worth doing daily; a flame source now
Bosses,"Attack Reflect removed from Zakum, Hilla, Von Leon, Horntail, Arkarium, Pink Bean, Cygnus, Ranmaru, Akechi",Daily bosses are much safer to burst down
Items,Extracting Lv. 160+ gear yields more Superior Item Crystals; Lv. 200+ more again,Extract spare Absolab/Arcane instead of vendoring
Items,Pocket Item slot usage requirements removed,Free stat if your pocket slot was gated
Rings,Special Skill Rings rebalanced; extra Special Skill Ring slot added (needs Ring of Restraint or Continuous Ring Lv. 4+),Two ring effects at once now. Lv. 5/6 rings reduced to Lv. 4 with compensation
Monster Park,Sunday's Growth Box now gives 3x EXP Coupon Vouchers (10 -> one 3x EXP Coupon),Better EXP economy from Monster Park
src,v.271 patch notes | verified 2026-09-11 | v.271 | start.v271

## ROADMAP
# What to do at each level band
Level,Unlocks,Primary goal,Do not bother with
200-209,"Vanishing Journey, Arcane Symbols, 5th job well underway",Get all gear to Epic potential. Start VJ symbol dailies,"Cubing past Unique, high star force"
210-219,"Chu Chu Island, Lachelein",CRA set (hat/top/bottom). Symbol dailies in every unlocked area,Arcane Umbra shopping
220-229,"Arcana, Morass",Absolab via Lotus/Damien coins. Push gear to 17 stars,Hard-mode bosses
230-239,"Esfera, Moonbridge",All six Arcane symbols moving. Legendary potential on weapon/secondary/emblem,Sol Erda (unusable)
240-249,"Labyrinth of Suffering, Limina, Tenebris",Max Arcane symbols. V-matrix boost nodes to a real level. 22 stars on keepers,Sacred symbols (not yet)
250-259,Continue Tenebris content,Push to 260. EXP requirement here was cut ~58% in v.271,Anything that delays hitting 260
260-264,"6th JOB + HEXA Matrix, Cernium, Sacred Symbols","Activate HEXA Mastery node, then Boost nodes. Start Sacred symbol dailies",HEXA Stat (comes later)
265-274,"Hotel Arcus, Odium, Origin skill at 265","Origin skill, HEXA skills to Lv. 10/20 breakpoints",—
275-284,"Shangri-La, Arteria","HEXA Stat nodes, Eternal gear from Kalos",—
285+,"Carcion, Tallahart, Geardock","Grand Sacred Symbols, endgame bosses",—
src,v.271 patch notes + area level gates | verified 2026-09-11 | v.271 | roadmap.bands

## GEAR
# Gear progression by slot
Slot,Mid game,Late game,Endgame,Notes
Hat,CRA Root Abyss hat (Lv. 150),Arcane Umbra (200),Eternal (250),CRA hat is kept a long time — worth cubing
Top / Bottom,CRA top + bottom (150),Arcane Umbra overall (200),Eternal (250),"Arcane Umbra is an overall, freeing the bottom slot"
Overall,—,Arcane Umbra (200),Eternal (250),Replaces top+bottom
Weapon,Fafnir / CRA (150),Absolab (160) -> Arcane Umbra (200),Genesis (liberated) -> Destiny,Genesis liberation is the single biggest weapon jump
Secondary,Class secondary,Absolab-tier,Astra secondary,Rolls boss/IED/ATT like a weapon
Emblem,Gold Maple Leaf Emblem (100),same,same,"Never replaced. Cube it early, it is permanent"
Gloves,CRA / Absolab (160),Arcane Umbra (200),Eternal (250),Only slot that rolls Critical Damage potential
Shoes,Absolab (160),Arcane Umbra (200),Eternal (250),—
Cape,Absolab (160),Arcane Umbra (200),Eternal (250),Tyrant capes cap at 15 stars — usually worse than a 22-star Absolab
Shoulder,Royal Black Metal (120) / Absolab (160),Arcane Umbra (200),Eternal (250),Shoulders cannot take flames (except Scarlet Shoulder)
Belt,Golden Clover / Reinforced Gollux,Superior Gollux (150),Dreamy Belt,Superior Gollux belt drops from Hell Gollux
Pendant x2,"Dominator Pendant, Daybreak",Superior Gollux (150),Source of Suffering (160),Two pendant slots — fill both
Ring x4,Meister / Kanna's Treasure,"Superior Gollux ring, Guardian Angel Ring",Boss rings + Special Skill Rings,v.271 added a second Special Skill Ring slot
Earring,Reinforced Gollux,"Superior Gollux (150), Estella",Commanding Force Earring,—
Face / Eye,"Condensed Power Crystal, Papulatus Mark","Magic Eyepatch, Berserked",Sweetwater / boss faces,Papulatus Mark from Chaos Papulatus
Heart,Lidium Heart,Mechanical / Gollux hearts,Black Heart,Lidium Heart is free from the Frieren Lotus mission
Pocket,Pink Bean pocket item,Cursed Spellbook,Stone of Eternal Life,v.271 removed usage requirements on this slot
Badge,Crystal Ventus Badge,Genesis Badge,—,"No potential, no star force"
src,community gear progression + v.271 patch notes | verified 2026-09-11 | v.271 | gear.tiers

# Where the sets come from
Set,Level,How to get it,Gate
Root Abyss (CRA),150,Drops from Chaos Vellum / Pierre / Von Bon / Crimson Queen,"Weekly, low CP requirement"
Absolab,160,Lotus coins buy everything except hat and shoulder. Damien Stigma Coins buy weapon and shoulder,"Normal Lotus ~3.5M CP solo, Damien ~4M"
Absolab (free mats),160,"Scrapyard: Heaven -> One-Eye (5 quests, 12 Diffusion-Line Energy Cores). Dark World Tree -> Alchetto (5 quests, 12 Faint Stigma Spirit Stones)","Weekly, no boss needed"
Arcane Umbra,200,Crafted: 324 Arcane River Droplets + 36 Butterfly Stone Droplets + 324 Stone Origin Droplets + 36 Stone Cobweb Droplets for a 5-set,"Butterfly from Lucid, Cobweb from Will"
Arcane Umbra (Heroic shortcut),200,"Arcane River Droplet Stones buyable from general stores Lachelein->Limina for 50,000,000 mesos each",Heroic worlds only. Pure meso sink
Superior Gollux,150,Belt + Earrings drop from Hell Gollux. Ring + Pendant bought from Lucia with Gollux Coins,Hell Gollux. Shop purchase limit is now unlimited
Eternal,250,Kalos the Guardian,~85M+ CP
Genesis weapon,—,Tenebris Expedition / liberation questline — collect Erdas from Hard-tier bosses,Long. Requires Hard Lomien and up
src,community guides + Nexon event pages | verified 2026-09-11 | v.271 | gear.sources

## STAR FORCE
# Star Force success / boom table
From star,Success,Fail,Boom
0,95%,5%,0%
1,90%,10%,0%
2,85%,15%,0%
3,85%,15%,0%
4,80%,20%,0%
5,75%,25%,0%
6,70%,30%,0%
7,65%,35%,0%
8,60%,40%,0%
9,55%,45%,0%
10,50%,50%,0%
11,45%,55%,0%
12,40%,60%,0%
13,35%,65%,0%
14,30%,70%,0%
15,30%,67.9%,2.1%
16,30%,67.9%,2.1%
17,15%,78.2%,6.8%
18,15%,78.2%,6.8%
19,15%,76.5%,8.5%
20,30%,59.5%,10.5%
21,15%,72.25%,12.75%
22,15%,68%,17%
23,10%,72%,18%
24,10%,72%,18%
25,10%,72%,18%
26,7%,74.4%,18.6%
27,5%,76%,19%
28,3%,77.6%,19.4%
29,1%,79.2%,19.8%
NOTE,"Since v.264 items can no longer LOSE stars on failure — only success, fail, or boom."
src,DigitalTQ Star Force guide (Feb 2026) | verified 2026-09-11 | v.271 | starforce.rates

"# Rules, caps and safeguards"
"Star cap by item level: 1-94 = 5, 95-107 = 8, 108-117 = 10, 118-128 = 15, 129-137 = 20, 138+ = 30."
Special caps: Tyrant gear = 15 stars. Sweetwater = 15 stars. Superior equipment uses its own harsher table.
Boom risk begins at 15 stars. Below 15 you cannot destroy an item.
Safeguard doubles the meso cost and removes boom. Available up to 18 stars only.
v.271 REMOVED Star Catching. Its success bonus is now applied automatically to every attempt.
Meso cost scales with item level and current star count. Cubing cost is flat; star force cost is not.
Booming leaves a Trace item. Restore it onto a fresh copy of the same item via Trace Transfer.
"Trace recovery: boomed at 15-19 returns 12 stars, 20 returns 15, 21-22 returns 17, 23-25 returns 19, 26-30 returns 20."
"Star Force Transfer: same equip type, same job type, within 10 item levels. You keep (stars - 1)."
"Transfer trick: star a cheap common item, then transfer into the rare one. Potential does NOT transfer — only stars."
src,DigitalTQ Star Force guide + v.271 patch notes | verified 2026-09-11 | v.271 | starforce.rules

# Useful transfer pairs
Star the cheap item,Transfer into,Target level,Slot
Daybreak Pendant / Reinforced Gollux Pendant / Dominator Pendant,Superior Gollux Pendant,150,Pendant
Superior Gollux Pendant,Source of Suffering,160,Pendant
Reinforced Gollux Earring,Superior Gollux Earring,150,Earring
Reinforced Gollux Belt / Golden Clover Belt / Ayame's Treasure,Superior Gollux Belt,150,Belt
Kanna's Treasure / Meister Ring,Superior Gollux Ring,150,Ring
src,DigitalTQ Star Force guide | verified 2026-09-11 | v.271 | starforce.transfer

# Star Force events worth waiting for
Event,Effect,Use it for
5/10/15,"100% success at 5, 10 and 15 stars",Free passes through the three worst walls. Always stop at 14 and wait
30% off,Meso cost reduced 30%,Bulk starring everything you own
Destruction reduction,30% lower boom chance below 21 stars,The 17-20 danger zone
Double star,2 stars per success at 10 and below (up to 12),Fresh gear. Excludes superior equipment
NOTE,Announced in patch notes as Sunny Sunday events. Bank mesos and do nothing risky off-event.
src,DigitalTQ Star Force guide | verified 2026-09-11 | v.271 | starforce.events

## SYMBOLS
# Symbol income after v.271
Source,Before v.271,After v.271,Per area per week
Arcane River daily quest,20,40,280
Arcane River weekly quest,40,80,80
Arcane total per area,—,—,~360
Cernium daily (Sacred),20,30,210
Arcus / Odium / Shangri-La / Arteria / Carcion daily,10,15,105
Tallahart / Geardock daily (Grand Sacred),10,15,105
NOTE,"Six Arcane areas: Vanishing Journey, Chu Chu Island, Lachelein, Arcana, Morass, Esfera. Symbols claimed from daily/weekly quests now auto-merge into the equipped symbol."
src,v.271 patch notes | verified 2026-09-11 | v.271 | symbols.income

# Arcane Symbol upgrade cost
Level,Symbols to next,Cumulative,Main stat at this level,Arcane Force
1,12,0,300,30
2,15,12,400,40
3,20,27,500,50
4,27,47,600,60
5,36,74,700,70
6,47,110,800,80
7,60,157,900,90
8,75,217,"1,000",100
9,92,292,"1,100",110
10,111,384,"1,200",120
11,132,495,"1,300",130
12,155,627,"1,400",140
13,180,782,"1,500",150
14,207,962,"1,600",160
15,236,"1,169","1,700",170
16,267,"1,405","1,800",180
17,300,"1,672","1,900",190
18,335,"1,972","2,000",200
19,372,"2,307","2,100",210
20,max,"2,679","2,200",220
NOTE,"All six maxed = 13,200 main stat and 1,320 Arcane Force. Symbol stat is FLAT — it is not multiplied by your %stat potential, which is why %stat lines are worth less than they look while your symbols are low."
src,MapleWiki Arcane Symbols | verified 2026-09-11 | v.271 | symbols.arcane.cost

# Sacred and Grand Sacred Symbols
Unlocked at Lv. 260 in Cernium. Required to deal damage in Western Grandis.
A Sacred Symbol starts at 500 main stat and 10 Sacred Power (Authentic Force).
"Areas: Cernium, Hotel Arcus, Odium, Shangri-La, Arteria, Carcion."
Grand Sacred Symbols come from Tallahart and Geardock.
Grand Sacred Symbol: Tallahart was added to Sacred Symbol Selector Coupons in v.271.
Do not buy Sacred symbol selectors before Lv. 260 — you cannot equip them.
src,MapleStory Wiki + v.271 patch notes | verified 2026-09-11 | v.271 | symbols.sacred

## POTENTIAL
# Potential tiers and line values
Item level,Rare,Epic,Unique,Legendary
1-30,1%,2%,3%,6%
31-70,2%,4%,6%,9%
71-150,3%,6%,9%,12%
151+,4%,7%,10%,13%
NOTE,Values shown are a single main-stat line. Up to 3 lines per item (4 with a Potential Stamp). Tier matters more than line count early — a Legendary with one good line beats a Unique with three mediocre ones.
src,DigitalTQ Potential guide | verified 2026-09-11 | v.271 | potential.tiers

# Cubes
Cube,Max tier,Where,Heroic cost,Special
Mystical,Epic,"Bosses, Monster Park, Pollo & Fritto, Monster Collection, harvesting",free,—
Hard,Unique,"Same, plus Reboot general store",free,—
Solid,Legendary,Same sources,free,Your free workhorse
Karma Hard / Karma Solid,Unique / Legendary,Events,free,Untradable items only
Glowing,Legendary,Cash Shop,"12,000,000 mesos",Chance to double rank-up
Bright,Legendary,Cash Shop,"22,000,000 mesos",Double rank-up AND choose a line
Bonus Glowing / Bonus Bright,Legendary,Cash Shop,Interactive worlds only,Bonus potential — not available on Heroic
NOTE,"Cube meso cost is flat, not scaled by item level. Bright cubes are the only ones that let you pick a line — save them for the Unique -> Legendary step."
src,DigitalTQ Potential guide | verified 2026-09-11 | v.271 | potential.cubes

"# What to roll for, by slot"
Slot,Target lines,Milestones
Weapon / Secondary / Emblem,"Boss Damage %, Ignore DEF %, ATT %",Legendary tier first. Then boss/boss/IED or att/boss/IED
"Hat, Top, Bottom, Overall, Shoes, Cape, Shoulder, Belt",% main stat,Legendary tier -> 18-21% -> 30%+
Gloves,Critical Damage % (gloves-only line),"%main stat until the rest of your gear is done, then crit damage"
"Rings, Pendants, Face, Eye, Earring, Heart",% main stat,Same ladder. Accessories survive gear swaps — cube these before armor
Farming set (separate),"Item Drop %, Meso %",Keep it separate from your boss preset
No potential at all,"Badge, Medal, Android, Totem, Title",Do not waste cubes looking
NOTE,"Order of spend: Emblem (never replaced) -> Secondary -> Weapon -> Accessories -> Armor last, because armor gets replaced at the Arcane Umbra step and potential does not transfer."
src,community consensus | verified 2026-09-11 | v.271 | potential.targets

## FLAMES
# Bonus Stats after the v.271 revamp
"CHANGED in v.271: Bonus Stats can now be reset with mesos — 3,000,000 per reset — at Black Rebirth Flame rates."
You choose whether to keep the old or the new roll. Reflaming is now cheap enough to do on every piece you own.
MVP Gold and above can reset 3 times at once.
"CHANGED in v.271: Powerful, Eternal and Black Rebirth Flames NO LONGER drop from Boss Monsters, Elite Monsters or Elite Champions."
New: Burning Rebirth Flame and Karma Burning Rebirth Flame. Reset rates match Powerful Rebirth Flames.
"Burning Flame sources: Legion Coin Shop, Monster Collection exploration rewards, Mu Lung Dojo Point Shop."
Karma Black Rebirth Flame limit in the Legion Coin Shop raised from 40 to 60. Day 18 Daily Gift is now a Karma Black Rebirth Flame.
An item can hold at most 4 distinct bonus stats. There are 7 tiers per stat type.
"Eternal Rebirth Flames roll tier 2 minimum, rarely tier 5. On flame-advantaged (boss) gear, tier 4 minimum, rarely tier 7."
"CANNOT take bonus stats: Rings (except Secret Ring), Shoulders (except Scarlet Shoulder), Medals, Emblems, Badges, Androids, Android Hearts, Totems (except Ancient Slate)."
src,v.271 patch notes + MapleStory Wiki Bonus Stats | verified 2026-09-11 | v.271 | flames.system

# What a good flame looks like
Priority,Line,Why
1,All Stat %,Multiplies your main stat and counts on every piece
2,Main stat flat (STR/DEX/INT/LUK),Straightforward. Match your class
3,ATT / Magic ATT,Very strong on weapons and gloves
4,Main stat + secondary stat combined lines,Acceptable filler
Dead,"Off-stat (STR on an archer, INT on a warrior)",Reset it — 3M mesos is nothing
Dead,"Max MP, Defense, Speed, Jump",Reset
NOTE,Boss-drop gear is flame advantaged and rolls higher tiers than normal gear. Prioritise flaming boss gear.
src,community consensus | verified 2026-09-11 | v.271 | flames.targets

## BOSSES
# Boss CP thresholds (solo estimates)
Boss,Difficulty,Approx CP,Cadence
Zakum,Normal,3k,Daily
Papulatus / Magnus,Easy,50k,Daily
Horntail,Easy / Normal,100k,Daily
Von Leon,Hard,800k,Daily
Cygnus,Easy,800k,Weekly
Hilla,Hard,1M,Weekly
Pink Bean,Chaos,1.5M,Daily
Lotus,Normal,3.5M solo / 1.5M party,Weekly
Damien,Normal,4M solo / 1.5M party,Weekly
Lucid,Easy,9M,Weekly
Will,Easy,10M,Weekly
Lucid / Will,Normal,18M,Weekly
Lotus,Hard,23M,Weekly
Gloom / Darknell,Normal,23M,Weekly
Damien,Hard,26M,Weekly
Lucid / Will,Hard,50M,Weekly
Verus Hilla,Normal,70M,Weekly
Chosen Seren,Normal,80M,Weekly
Kalos / First Adversary,Easy+,85-95M party,Weekly
NOTE,"CP is a rough composite. Actual capability depends on bind uptime, survivability and mechanics as much as raw CP."
src,Games Finder boss ranges | verified 2026-09-11 | v.271 | bosses.cp

# What each boss is actually farmed for
Boss,Key drop,Notes
Chaos Papulatus,Papulatus Mark,Face accessory. Low drop rate
Arkarium,Dominator Pendant,Also a star force transfer donor
Lotus,"Berserked, Absolab coins",Coins buy everything except Absolab hat/shoulder
Damien,"Magic Eyepatch, Stigma Coins","Stigma Coins buy Absolab weapon + shoulder. 1-3 stones per clear, 7 needed"
Hell Gollux,"Superior Gollux Belt + Earrings, 20-40 Gollux Coins",Ring and Pendant from Lucia's shop
Guardian Angel Slime,Guardian Angel Ring,Weekly
Chaos Vellum / CRA bosses,Root Abyss set,Your Lv. 150 armor core
Lucid,"Arcane Umbra gear, Butterfly Droplet Stones",Gate to the Lv. 200 armor tier
Will,"Arcane Umbra gear, Stone Cobweb Droplets",—
Verus Hilla,Source of Suffering,Best-in-slot pendant for a long time
Darknell,Commanding Force Earring,—
Kalos the Guardian,Eternal gear (Lv. 250),v.271 raised Easy/Normal death count 5 -> 8 and eased several patterns
NOTE,"Item Drop Rate increases boss accessory drop chances — wear drop gear on accessory-hunting runs, not just for farming."
src,community drop tables + v.271 patch notes | verified 2026-09-11 | v.271 | bosses.drops

# Gollux difficulty control
Difficulty,Body parts destroyed,Reward
Easy,3 (both shoulders + abdomen),Lowest coins
Normal,2,—
Hard,1,"10-30 Gollux Coins, Reinforced/Solid gear"
Hell,0 — skip every part,"20-40 Gollux Coins, Superior Belt + Earrings"
NOTE,"Route to Hell: Right -> Right -> Left (middle). Entry quest [Gollux] The Cracks of Corruption from the lightbulb notifier at Lv. 180; prequests were removed. Once per day win or lose, 5 lives, 30 minute limit, party of 1-6."
src,DigitalTQ Gollux guide | verified 2026-09-11 | v.271 | bosses.gollux

## TRAINING
# v.271 EXP requirement cuts
Level range,EXP required reduced by
210-214,~8%
215-219,~15%
220-224,~21%
225-229,~27%
230-234,~33%
235-239,~38%
240-244,~43%
245-249,~47%
250-259,~58%
NOTE,"This is the single biggest leveling change in years. If you stalled in the 240s before September 2026, that wall is largely gone."
src,v.271 patch notes | verified 2026-09-11 | v.271 | training.exp

# Training areas by level
Level,Area,Notes
200-210,Vanishing Journey,Lake of Oblivion: Weathered Land of Rage. Cave of Repose: Below the Cave
210-215,Chu Chu Island,Complete Yum Yum Island questline for full symbol income
215-220,Lachelein,Drops Arcane River Droplet Stones
220-225,Arcana,CLP is dense and compact. Drops Arcane River Droplet Stones
225-235,Morass,Shadowdance Hall 2. Drops Arcane River Droplet Stones
235-240,Esfera,—
240-245,Moonbridge / Labyrinth of Suffering,—
245-260,Limina / Tenebris,Tenebris opens at 245 and carries content to 275
260+,Cernium and Western Grandis,Requires Sacred Symbols to do full damage
NOTE,Arcane Force works like Star Force for maps. At 150% of a map's required Arcane Force you deal significantly more damage and take only 1 damage from its monsters — chase that breakpoint before chasing a higher map.
src,Games Finder / DigitalTQ training guides | verified 2026-09-11 | v.271 | training.maps

## NODES & HEXA
# V Matrix priority (5th job)
Priority,What,Why
1,Boost node containing your main bossing skill,Boost nodes give FINAL DAMAGE — multiplicative with everything. A Lv. 1 boost node contributes almost nothing
2,Boost node containing your main mobbing skill,Pays for itself immediately while grinding
3,Any job (skill) node below max,5th job skills themselves
4,Erda Nova,Your bind. Bind uptime is how an undergeared character kills a boss
5,Remaining common nodes,"Rope Lift, Will of Erda, party skills"
NOTE,"Nodestone sources: Monster Park daily, boss drops, event shops. Use spare nodes as Enhance fodder. Converting junk nodes into V Points to craft the trio you want beats rerolling and hoping."
src,community consensus | verified 2026-09-11 | v.271 | nodes.v

"# HEXA Matrix (6th job, Lv. 260+)"
6th job advancement at Lv. 260. Origin skill granted at Lv. 1 on advancement; Origin unlocks properly at 265.
Order of spend: HEXA Mastery node (red) -> HEXA Boost nodes (blue) -> HEXA Skill nodes -> HEXA Stat last.
"HEXA Skill nodes max at Lv. 30 with meaningful breakpoints at 10, 20 and 30."
A HEXA Stat node costs 5 Sol Erda + 10 Sol Erda Fragments to create.
"CHANGED in v.271: a 3rd HEXA Common Node was added. Explorer Bowman (Bow Master, Marksman, Pathfinder) gets HEXA Fury of the Wild."
"Sol Erda Fragments are permanent and untradable — bank them on the character that will reach 260 first, even at low level."
v.271: Sol Erda and Sol Erda Energy are now consumed separately depending on whether they are untradable or world-tradable.
src,MapleStory Wiki HEXA Matrix + v.271 patch notes | verified 2026-09-11 | v.271 | nodes.hexa

## ACCOUNT POWER
# Account-wide power that is not gear
System,What to do,Payoff
Link skills,Mules to Lv. 140,"Permanent, account-wide. Cheapest damage in the game"
Legion board,"Mules to Lv. 200, fill main-stat / ATT / crit ranks","Permanent, account-wide"
Legion Coin Shop,v.271: Legion's Expertise EXP raised to +200%. Burning and Karma Black Rebirth Flames sold here,Flames and EXP
Hyper stats,"Free to reset. Main stat, damage, boss, crit damage, IED",Instant. Recheck whenever crit rate caps
Inner ability,"Reach Legendary. Boss Damage, ATT %, or +1 attack speed if not capped",Large. Uses Honor EXP from Medals of Honor
Familiars,Grandis godly familiars for Boss Damage / IED lines,Significant and relatively cheap
Familiar badges,"v.271 added Crucible Badge (Tallahart + Geardock familiars): Crit Damage +1%, Ignore DEF +3%",Small but permanent
Mu Lung Dojo,Climb floors weekly,"Dojo points, and now Burning Rebirth Flames in the point shop"
Monster Collection,"v.271: Lv. 200+ only, 10 exploration rewards per day per account",Cubes and flames
src,v.271 patch notes + community consensus | verified 2026-09-11 | v.271 | account.power

## ROUTINE
# Daily
Arcane symbol dailies in every unlocked area (40 symbols each after v.271)
Sacred symbol dailies if Lv. 260+
"Daily bosses: Zakum, Hilla, Papulatus, Magnus, Von Leon, Arkarium, Ranmaru, Gollux, Pink Bean"
"Gollux — once per day, win or lose. Push Hell if you can survive it"
Monster Park (7 runs)
Monster Collection exploration — up to 10 rewards per day per account
Maple Tour
Ursus during 2x meso hours
Event dailies — clear every event shop before it expires
src,community routine | verified 2026-09-11 | v.271 | routine.daily

# Weekly (resets Thursday 12:00 AM UTC)
Arcane River weekly quests in every area (80 symbols each after v.271)
"Scrapyard: Heaven -> One-Eye, 5 quests -> 12 Diffusion-Line Energy Cores (Absolab mats)"
"Dark World Tree -> Alchetto, 5 quests -> 12 Faint Stigma Spirit Stones (Absolab mats)"
"Weekly bosses: Cygnus, Hard Hilla, CRA (Vellum/Pierre/Von Bon/Crimson Queen), Lotus, Damien, Guardian Angel Slime"
"Later: Lucid, Will, Gloom, Verus Hilla, Darknell, Chosen Seren, Kalos"
Mu Lung Dojo climb
Legion coin shop purchases
Check Sunny Sunday for star force events before spending mesos
src,community routine | verified 2026-09-11 | v.271 | routine.weekly

## LIVE EVENTS
# Live events
Event,Runs,Worth it for
Frieren's Spell Collection,"Sep 9 - Oct 7, 2026","Adventure Journal: 2x Symbol Selector (200 Arcane Symbols each), 20 Karma Bright Cubes, 2 guaranteed level-up potions, 50 Special Medals of Honor, 60 Sol Erda Fragments"
Adventure with Frieren's Companions,"Sep 9 - Oct 7, 2026","20 Magic Replica Monsters/day: ~700 Adventure Coins, 1-2 Symbol Selectors each, Sol Erda Fragments (10/day cap), Burning Field +3"
Magic Shop,"Sep 9 - Oct 7, 2026","Nodestone 50c (limit 200), Karma Bright Cube 100c (limit 10), 3x EXP Coupon 20c (3/day)"
Defeat Mighty Foes,"Staggered Sep 9 / 17 / 24, Oct 1","Practice Mode counts. Chaos Vellum, Lotus (Starkroid android + Lidium Heart), Guardian Angel Slime, Lucid (title: Boss +5%, IED +5%)"
Night Troupe: Omega Sector,v.271,Mesotron-S Project and side events
Other,v.271,"Winter Countdown, Night of the Yeti, Challenger World Leap, Luxe Sauna, Sunny Sunday"
NOTE,"Event items expire Oct 8, 2026 at 2:00 AM UTC. Arcane Symbol Selector Coupons have a 7-day duration — spend them the day you get them."
src,Nexon event pages + v.271 patch notes | verified 2026-09-11 | v.271 | events.current

## CHANGELOG
# Update log
Date,Patch,Sections touched,Summary
2026-09-11,v.271,all,"Initial build from v.271 patch notes. Symbol income doubled, Lv. 210-259 EXP cut, Star Catching removed, Bonus Stat meso reset added, boss flames removed from drops, 3rd HEXA Common Node."
src,system | verified 2026-09-11 | v.271 | changelog.log
